Column,Importance
Census_TotalPhysicalRAM,9.836036867189174
Census_ProcessorCoreCount,5.977273661284622
Census_InternalPrimaryDisplayResolutionHorizontal,3.61607887125754
OsVer,3.039560642239402
OsVer_agg,2.513752885166794
RtpStateBitfield,0.6233545429340793
Census_OSBuildNumber,0.5626615615477222
AvSigVersion_time_series,0.5582669945515709
Census_OSEdition,0.49211659371001654
IsProtected,0.4608885089701686
Census_PrimaryDiskTotalCapacity,0.35896452529828443
Wdft_IsGamer,0.35460295274079123
EngineVersion,0.33466211860546136
OsSuite,0.3325524562843647
Census_OSBranch,0.3033691961917382
Census_GenuineStateName,0.27432993606816425
OsBuildLab,0.24700929903367055
Firewall,0.14128210545910644
Census_HasOpticalDiskDrive,0.1284532927309786
Census_OSVersion_time_series,0.12240184266083495
CountryIdentifier,0.11327101217332392
Census_InternalBatteryNumberOfCharges,0.09374513390001786
CityIdentifier,0.07878872850899152
Census_IsPenCapable,0.0661084781378888
Census_IsSecureBootEnabled,0.06314934417315697
Census_ProcessorManufacturerIdentifier,0.049023531676608535
LocaleEnglishNameIdentifier,0.030084339535535236
Census_FirmwareVersionIdentifier,-0.005131254021119757
Census_OSArchitecture,-0.006708129764129359
Census_OSInstallLanguageIdentifier,-0.010047165111997849
AVProductStatesIdentifier,-0.017984510843000387
Census_MDC2FormFactor,-0.0214062397791174
OrganizationIdentifier,-0.021607372545346025
GeoNameIdentifier,-0.026302486515729927
Census_OSWUAutoUpdateOptionsName,-0.03149672992128757
Census_ProcessorModelIdentifier,-0.057749478445154746
Census_OEMNameIdentifier,-0.06657195529991414
Census_OSBuildRevision,-0.0761953270613641
Census_ChassisTypeName,-0.07760350482073913
Census_OSUILocaleIdentifier,-0.08825960966931372
Census_FirmwareManufacturerIdentifier,-0.09474281103392553
SkuEdition,-0.1251820384716892
IeVerIdentifier,-0.12562316481362432
Census_PowerPlatformRoleName,-0.12655482544269456
Census_IsTouchEnabled,-0.12703888557224147
Census_OEMModelIdentifier,-0.14458686900633222
Census_PrimaryDiskTypeName,-0.15538530869552283
AVProductsEnabled,-0.16271688832989614
Census_ActivationChannel,-0.1678967373666414
Wdft_RegionIdentifier,-0.18139313330176657
Census_OSInstallTypeName,-0.18473922599415957
Census_FlightRing,-0.19257516594298463
Census_InternalPrimaryDiagonalDisplaySizeInInches,-0.19324291101960248
AppVersion,-0.2326584405519874
OsPlatformSubRelease,-0.2695331520296148
Census_IsAlwaysOnAlwaysConnectedCapable,-0.4035843000139268
Processor,-0.5349331579356772
OsBuild,-0.7536704954437675
Census_OSVersion_agg,-1.5731068036108422
SmartScreen,-2.0065706221988937
Census_InternalPrimaryDisplayResolutionVertical,-3.7278949513484996
Census_SystemVolumeTotalCapacity,-3.7514190263976124
Platform,-4.05076180350737
AVProductsInstalled,-4.560707955411604
