Column,Missing Count,Missing Frequency,Missing Frequency %
MachineIdentifier,0,0.0,0.0
ProductName,0,0.0,0.0
EngineVersion,0,0.0,0.0
AppVersion,0,0.0,0.0
AvSigVersion,0,0.0,0.0
IsBeta,0,0.0,0.0
RtpStateBitfield,32318,0.003622491910817966,0.36
IsSxsPassiveMode,0,0.0,0.0
DefaultBrowsersIdentifier,8488045,0.9514163732644001,95.14
AVProductStatesIdentifier,36221,0.004059975230575455,0.41
AVProductsInstalled,36221,0.004059975230575455,0.41
AVProductsEnabled,36221,0.004059975230575455,0.41
HasTpm,0,0.0,0.0
CountryIdentifier,0,0.0,0.0
CityIdentifier,325409,0.0364747654621995,3.65
OrganizationIdentifier,2751518,0.3084148677972037,30.84
GeoNameIdentifier,213,2.3874954421815298e-05,0.0
LocaleEnglishNameIdentifier,0,0.0,0.0
Platform,0,0.0,0.0
Processor,0,0.0,0.0
OsVer,0,0.0,0.0
OsBuild,0,0.0,0.0
OsSuite,0,0.0,0.0
OsPlatformSubRelease,0,0.0,0.0
OsBuildLab,21,2.3538687458127756e-06,0.0
SkuEdition,0,0.0,0.0
IsProtected,36044,0.00404013547971789,0.4
AutoSampleOptIn,0,0.0,0.0
PuaMode,8919174,0.9997411865269485,99.97
SMode,537759,0.0602768620418825,6.03
IeVerIdentifier,58894,0.006601368853137982,0.66
SmartScreen,3177011,0.35610794752397107,35.61
Firewall,91350,0.010239329044285575,1.02
UacLuaenable,10838,0.001214820450815184,0.12
Census_MDC2FormFactor,0,0.0,0.0
Census_DeviceFamily,0,0.0,0.0
Census_OEMNameIdentifier,95478,0.01070203238631963,1.07
Census_OEMModelIdentifier,102233,0.011459193499556071,1.15
Census_ProcessorCoreCount,41306,0.004629947734025834,0.46
Census_ProcessorManufacturerIdentifier,41313,0.004630732356941105,0.46
Census_ProcessorModelIdentifier,41343,0.004634095026577981,0.46
Census_ProcessorClass,8884852,0.9958940682843872,99.59
Census_PrimaryDiskTotalCapacity,53016,0.005942509782286196,0.59
Census_PrimaryDiskTypeName,371095,0.04159566296320914,4.16
Census_SystemVolumeTotalCapacity,53002,0.005940940536455655,0.59
Census_HasOpticalDiskDrive,0,0.0,0.0
Census_TotalPhysicalRAM,80533,0.009026862462216203,0.9
Census_ChassisTypeName,77846,0.008725679351740064,0.87
Census_InternalPrimaryDiagonalDisplaySizeInInches,47134,0.005283202355482827,0.53
Census_InternalPrimaryDisplayResolutionHorizontal,46986,0.005266613185274242,0.53
Census_InternalPrimaryDisplayResolutionVertical,46986,0.005266613185274242,0.53
Census_PowerPlatformRoleName,20683,0.0023183365366497926,0.23
Census_InternalBatteryType,6338429,0.7104680914596823,71.05
Census_InternalBatteryNumberOfCharges,268755,0.030124475941948215,3.01
Census_OSVersion,0,0.0,0.0
Census_OSArchitecture,0,0.0,0.0
Census_OSBranch,0,0.0,0.0
Census_OSBuildNumber,0,0.0,0.0
Census_OSBuildRevision,0,0.0,0.0
Census_OSEdition,0,0.0,0.0
Census_OSSkuName,0,0.0,0.0
Census_OSInstallTypeName,0,0.0,0.0
Census_OSInstallLanguageIdentifier,60084,0.006734754748734039,0.67
Census_OSUILocaleIdentifier,0,0.0,0.0
Census_OSWUAutoUpdateOptionsName,2519925,0.2824558428234409,28.25
Census_IsPortableOperatingSystem,0,0.0,0.0
Census_GenuineStateName,13826,0.0015497423466479731,0.15
Census_ActivationChannel,0,0.0,0.0
Census_IsFlightingInternal,7408759,0.8304402978742436,83.04
Census_IsFlightsDisabled,160523,0.017992860604004964,1.8
Census_FlightRing,243438,0.02728671903538907,2.73
Census_ThresholdOptIn,5667325,0.635244723326828,63.52
Census_FirmwareManufacturerIdentifier,183257,0.020541091654829136,2.05
Census_FirmwareVersionIdentifier,160133,0.017949145898725583,1.79
Census_IsSecureBootEnabled,0,0.0,0.0
Census_IsWIMBootEnabled,5659703,0.6343903810610859,63.44
Census_IsVirtualDevice,15953,0.0017881556239024386,0.18
Census_IsTouchEnabled,0,0.0,0.0
Census_IsPenCapable,0,0.0,0.0
Census_IsAlwaysOnAlwaysConnectedCapable,71343,0.007996764663453374,0.8
Wdft_IsGamer,303451,0.034013515465982504,3.4
Wdft_RegionIdentifier,303451,0.034013515465982504,3.4
HasDetections,0,0.0,0.0
