Column,Count,Frequency,Frequency %
MachineIdentifier,0,0.0,0.0
ProductName,0,0.0,0.0
EngineVersion,0,0.0,0.0
AppVersion,0,0.0,0.0
AvSigVersion,0,0.0,0.0
IsBeta,0,0.0,0.0
RtpStateBitfield,205,0.003429584769297688,0.34
IsSxsPassiveMode,0,0.0,0.0
DefaultBrowsersIdentifier,56851,0.9510991400943554,95.11
AVProductStatesIdentifier,259,0.004332987586576104,0.43
AVProductsInstalled,259,0.004332987586576104,0.43
AVProductsEnabled,259,0.004332987586576104,0.43
HasTpm,0,0.0,0.0
CountryIdentifier,0,0.0,0.0
CityIdentifier,2189,0.03662127346337873,3.66
OrganizationIdentifier,18307,0.3062702847391843,30.63
GeoNameIdentifier,3,5.018904540435641e-05,0.01
LocaleEnglishNameIdentifier,0,0.0,0.0
Platform,0,0.0,0.0
Processor,0,0.0,0.0
OsVer,0,0.0,0.0
OsBuild,0,0.0,0.0
OsSuite,0,0.0,0.0
OsPlatformSubRelease,0,0.0,0.0
OsBuildLab,0,0.0,0.0
SkuEdition,0,0.0,0.0
IsProtected,256,0.004282798541171747,0.43
AutoSampleOptIn,0,0.0,0.0
PuaMode,59760,0.9997657844547797,99.98
SMode,3626,0.060661826212065444,6.07
IeVerIdentifier,401,0.0067086024023823064,0.67
SmartScreen,21337,0.35696122059758423,35.7
Firewall,597,0.009987620035466925,1.0
UacLuaenable,80,0.001338374544116171,0.13
Census_MDC2FormFactor,0,0.0,0.0
Census_DeviceFamily,0,0.0,0.0
Census_OEMNameIdentifier,599,0.01002107939906983,1.0
Census_OEMModelIdentifier,641,0.01072372603473082,1.07
Census_ProcessorCoreCount,285,0.004767959313413859,0.48
Census_ProcessorManufacturerIdentifier,285,0.004767959313413859,0.48
Census_ProcessorModelIdentifier,285,0.004767959313413859,0.48
Census_ProcessorClass,59511,0.995600093686218,99.56
Census_PrimaryDiskTotalCapacity,363,0.006072874493927126,0.61
Census_PrimaryDiskTypeName,71,0.0011878074079031016,0.12
Census_SystemVolumeTotalCapacity,363,0.006072874493927126,0.61
Census_HasOpticalDiskDrive,0,0.0,0.0
Census_TotalPhysicalRAM,511,0.008548867400542042,0.85
Census_ChassisTypeName,4,6.691872720580855e-05,0.01
Census_InternalPrimaryDiagonalDisplaySizeInInches,298,0.004985445176832737,0.5
Census_InternalPrimaryDisplayResolutionHorizontal,298,0.004985445176832737,0.5
Census_InternalPrimaryDisplayResolutionVertical,298,0.004985445176832737,0.5
Census_PowerPlatformRoleName,0,0.0,0.0
Census_InternalBatteryType,42475,0.7105932345166794,71.06
Census_InternalBatteryNumberOfCharges,1804,0.030180345969819652,3.02
Census_OSVersion,0,0.0,0.0
Census_OSArchitecture,0,0.0,0.0
Census_OSBranch,0,0.0,0.0
Census_OSBuildNumber,0,0.0,0.0
Census_OSBuildRevision,0,0.0,0.0
Census_OSEdition,0,0.0,0.0
Census_OSSkuName,0,0.0,0.0
Census_OSInstallTypeName,0,0.0,0.0
Census_OSInstallLanguageIdentifier,363,0.006072874493927126,0.61
Census_OSUILocaleIdentifier,0,0.0,0.0
Census_OSWUAutoUpdateOptionsName,0,0.0,0.0
Census_IsPortableOperatingSystem,0,0.0,0.0
Census_GenuineStateName,0,0.0,0.0
Census_ActivationChannel,0,0.0,0.0
Census_IsFlightingInternal,49574,0.8293572456251882,82.94
Census_IsFlightsDisabled,1027,0.017181383210091345,1.72
Census_FlightRing,0,0.0,0.0
Census_ThresholdOptIn,37996,0.6356609897279754,63.57
Census_FirmwareManufacturerIdentifier,1210,0.020242914979757085,2.02
Census_FirmwareVersionIdentifier,1040,0.017398869073510223,1.74
Census_IsSecureBootEnabled,0,0.0,0.0
Census_IsWIMBootEnabled,37939,0.6347073978652926,63.47
Census_IsVirtualDevice,113,0.0018904540435640913,0.19
Census_IsTouchEnabled,0,0.0,0.0
Census_IsPenCapable,0,0.0,0.0
Census_IsAlwaysOnAlwaysConnectedCapable,470,0.007862950446682504,0.79
Wdft_IsGamer,2005,0.03354301201191153,3.35
Wdft_RegionIdentifier,2005,0.03354301201191153,3.35
HasDetections,0,0.0,0.0
